{
  "time": "2025-08-24T20:29:24.807047+00:00",
  "equity": 41964.0,
  "cash": 0.0,
  "breach": false,
  "breach_reason": "",
  "regime": {
    "ok": true,
    "reason": "",
    "last": 112805.19,
    "vwap": 113582.32439009624,
    "ema9": 112745.34227376465
  },
  "universe_count": 195,
  "candidates": [],
  "reject_stats": {
    "liquidity": 22,
    "bars": 24,
    "rules": 171
  }
}