{
  "time": "2025-08-25T04:02:11.598020+00:00",
  "equity": 41964.0,
  "cash": 0.0,
  "breach": false,
  "breach_reason": "",
  "regime": {
    "ok": false,
    "reason": "btc-below-vwap-and-ema",
    "last": 113107.63,
    "vwap": 113293.64851252754,
    "ema9": 113267.84850475893
  },
  "universe_count": 198,
  "candidates": [],
  "reject_stats": {
    "liquidity": 19,
    "bars": 26,
    "rules": 172
  }
}