{
  "time": "2025-08-25T04:53:06.750034+00:00",
  "equity": 41964.0,
  "cash": 0.0,
  "breach": false,
  "breach_reason": "",
  "regime": {
    "ok": false,
    "reason": "btc-below-vwap-and-ema",
    "last": 112780.24,
    "vwap": 113264.71899958415,
    "ema9": 112800.40868879549
  },
  "universe_count": 198,
  "candidates": [],
  "reject_stats": {
    "liquidity": 19,
    "bars": 25,
    "rules": 173
  }
}