{
  "time": "2025-08-24T19:30:52.998419+00:00",
  "equity": 41964.0,
  "cash": 0.0,
  "breach": false,
  "breach_reason": "",
  "regime": {
    "ok": true,
    "reason": "",
    "last": 114584.27,
    "vwap": 114616.41178657475,
    "ema9": 114581.85939225675
  },
  "universe_count": 194,
  "candidates": [],
  "reject_stats": {
    "liquidity": 23,
    "bars": 25,
    "rules": 169
  }
}