{
  "time": "2025-08-24T11:45:46.345782+00:00",
  "equity": 41000.0,
  "cash": 32000.0,
  "breach": false,
  "breach_reason": "",
  "regime": {
    "ok": false,
    "reason": "btc-below-vwap-or-ema",
    "last": 114613.7,
    "vwap": 115068.18693104117,
    "ema9": 114658.74597393468
  },
  "universe_count": 61,
  "candidates": [],
  "reject_stats": {
    "meta": 17,
    "no_spread": 9,
    "vol": 130,
    "spread": 0,
    "bars": 0,
    "br": 61,
    "pb": 0,
    "atr": 0
  }
}