{
  "time": "2025-08-24T11:30:56.255606+00:00",
  "equity": 41000.0,
  "cash": 32000.0,
  "breach": false,
  "breach_reason": "",
  "regime": {
    "ok": false,
    "reason": "btc-below-vwap-or-ema",
    "last": 114659.87,
    "vwap": 115074.22605777458,
    "ema9": 114724.38445980144
  },
  "universe_count": 61,
  "candidates": [],
  "reject_stats": {
    "meta": 15,
    "no_spread": 11,
    "vol": 130,
    "spread": 0,
    "bars": 0,
    "br": 61,
    "pb": 0,
    "atr": 0
  }
}