{
  "time": "2025-08-24T22:01:50.739884+00:00",
  "equity": 41964.0,
  "cash": 0.0,
  "breach": false,
  "breach_reason": "",
  "regime": {
    "ok": true,
    "reason": "",
    "last": 113014.46,
    "vwap": 113479.15267961321,
    "ema9": 112990.5042854676
  },
  "universe_count": 197,
  "candidates": [],
  "reject_stats": {
    "liquidity": 20,
    "bars": 26,
    "rules": 171
  }
}