{
  "time": "2025-08-24T11:22:47.616130+00:00",
  "equity": 41000.0,
  "cash": 32000.0,
  "breach": false,
  "breach_reason": "",
  "regime": {
    "ok": false,
    "reason": "btc-below-vwap-or-ema",
    "last": 114644.53,
    "vwap": 115079.03677134297,
    "ema9": 114740.2530747518
  },
  "universe_count": 61,
  "candidates": [],
  "reject_stats": {
    "meta": 18,
    "no_spread": 8,
    "vol": 130,
    "spread": 0,
    "bars": 0,
    "br": 61,
    "pb": 0,
    "atr": 0
  }
}