{
  "time": "2025-08-24T07:54:08.911828+00:00",
  "equity": 41000.0,
  "cash": 32000.0,
  "breach": false,
  "breach_reason": "",
  "regime": {
    "ok": false,
    "reason": "btc-below-vwap-or-ema",
    "last": 114923.86,
    "vwap": 115082.2587318486,
    "ema9": 114931.08023317304
  },
  "universe_count": 58,
  "candidates": [],
  "reject_stats": {
    "meta": 13,
    "no_spread": 13,
    "vol": 133,
    "spread": 0,
    "bars": 0,
    "br": 58,
    "pb": 0,
    "atr": 0
  }
}