{
  "time": "2025-08-23T21:11:55.189058+00:00",
  "equity": 41000.0,
  "cash": 32000.0,
  "breach": false,
  "breach_reason": "",
  "regime": {
    "ok": true,
    "reason": "",
    "last": 115219.17,
    "vwap": 115191.58200790617,
    "ema9": 115200.36798059018
  },
  "universe_count": 53,
  "candidates": []
}