{
  "time": "2025-08-24T23:46:06.442054+00:00",
  "equity": 41964.0,
  "cash": 0.0,
  "breach": false,
  "breach_reason": "",
  "regime": {
    "ok": true,
    "reason": "",
    "last": 113439.89,
    "vwap": 113420.39922943038,
    "ema9": 113464.90125593106
  },
  "universe_count": 196,
  "candidates": [],
  "reject_stats": {
    "liquidity": 21,
    "bars": 25,
    "rules": 171
  }
}