{
  "time": "2025-08-23T20:50:53.714959+00:00",
  "equity": 41000.0,
  "cash": 32000.0,
  "breach": false,
  "breach_reason": "",
  "regime": {
    "ok": false,
    "reason": "btc-below-vwap-or-ema",
    "last": 115118.11,
    "vwap": 115200.00022466041,
    "ema9": 115129.7085403752
  },
  "universe_count": 52,
  "candidates": []
}