{
  "time": "2025-08-24T21:32:33.831860+00:00",
  "equity": 41964.0,
  "cash": 0.0,
  "breach": false,
  "breach_reason": "",
  "regime": {
    "ok": true,
    "reason": "",
    "last": 112875.01,
    "vwap": 113498.05074079894,
    "ema9": 112719.7196934908
  },
  "universe_count": 196,
  "candidates": [],
  "reject_stats": {
    "liquidity": 21,
    "bars": 25,
    "rules": 171
  }
}