{
  "time": "2025-08-24T20:01:09.734348+00:00",
  "equity": 41964.0,
  "cash": 0.0,
  "breach": false,
  "breach_reason": "",
  "regime": {
    "ok": false,
    "reason": "btc-below-vwap-and-ema",
    "last": 112391.5,
    "vwap": 113748.80345433051,
    "ema9": 113046.49367140084
  },
  "universe_count": 193,
  "candidates": [],
  "reject_stats": {
    "liquidity": 24,
    "bars": 23,
    "rules": 170
  }
}