{
  "time": "2025-08-23T22:57:23.491418+00:00",
  "equity": 41000.0,
  "cash": 32000.0,
  "breach": false,
  "breach_reason": "",
  "regime": {
    "ok": true,
    "reason": "",
    "last": 115260.59,
    "vwap": 115122.60532819721,
    "ema9": 115225.31071491312
  },
  "universe_count": 62,
  "candidates": [],
  "reject_stats": {
    "meta": 18,
    "no_spread": 8,
    "vol": 129,
    "spread": 0,
    "bars": 0,
    "br": 62,
    "pb": 0,
    "atr": 0
  }
}