{
  "time": "2025-08-24T18:52:04.571939+00:00",
  "equity": 41964.0,
  "cash": 0.0,
  "breach": false,
  "breach_reason": "",
  "regime": {
    "ok": true,
    "reason": "",
    "last": 114680.16,
    "vwap": 114647.00707748173,
    "ema9": 114655.52434997896
  },
  "universe_count": 190,
  "candidates": [],
  "reject_stats": {
    "liquidity": 27,
    "bars": 24,
    "rules": 166
  }
}