{
  "time": "2025-08-24T19:22:03.929236+00:00",
  "equity": 41964.0,
  "cash": 0.0,
  "breach": false,
  "breach_reason": "",
  "regime": {
    "ok": false,
    "reason": "btc-below-vwap-and-ema",
    "last": 114547.09,
    "vwap": 114619.04123233876,
    "ema9": 114571.29274032093
  },
  "universe_count": 193,
  "candidates": [],
  "reject_stats": {
    "liquidity": 24,
    "bars": 26,
    "rules": 167
  }
}