{
  "time": "2025-08-23T21:37:51.490480+00:00",
  "equity": 41000.0,
  "cash": 32000.0,
  "breach": false,
  "breach_reason": "",
  "regime": {
    "ok": false,
    "reason": "btc-below-vwap-or-ema",
    "last": 115056.01,
    "vwap": 115310.15973797003,
    "ema9": 115114.36883705467
  },
  "universe_count": 53,
  "candidates": []
}