{
  "time": "2025-08-24T12:13:43.438980+00:00",
  "equity": 41000.0,
  "cash": 32000.0,
  "breach": false,
  "breach_reason": "",
  "regime": {
    "ok": false,
    "reason": "btc-below-vwap-or-ema",
    "last": 114724.93,
    "vwap": 115064.37911234765,
    "ema9": 114688.80094510317
  },
  "universe_count": 61,
  "candidates": [],
  "reject_stats": {
    "meta": 17,
    "no_spread": 9,
    "vol": 130,
    "spread": 0,
    "bars": 0,
    "br": 61,
    "pb": 0,
    "atr": 0
  }
}