{
  "time": "2025-08-25T08:14:59.316340+00:00",
  "equity": 41964.0,
  "cash": 0.0,
  "breach": false,
  "breach_reason": "",
  "regime": {
    "ok": true,
    "reason": "",
    "last": 111584.06,
    "vwap": 112902.36290936879,
    "ema9": 111505.05158688361
  },
  "universe_count": 200,
  "candidates": [],
  "reject_stats": {
    "liquidity": 17,
    "bars": 26,
    "rules": 174
  }
}