{
  "time": "2025-08-24T07:47:23.462421+00:00",
  "equity": 41000.0,
  "cash": 32000.0,
  "breach": false,
  "breach_reason": "",
  "regime": {
    "ok": false,
    "reason": "btc-below-vwap-or-ema",
    "last": 114953.15,
    "vwap": 115071.81636333618,
    "ema9": 114932.22861433285
  },
  "universe_count": 59,
  "candidates": [],
  "reject_stats": {
    "meta": 17,
    "no_spread": 9,
    "vol": 132,
    "spread": 0,
    "bars": 0,
    "br": 59,
    "pb": 0,
    "atr": 0
  }
}