{
  "time": "2025-08-24T06:14:33.034127+00:00",
  "equity": 41000.0,
  "cash": 32000.0,
  "breach": false,
  "breach_reason": "",
  "regime": {
    "ok": false,
    "reason": "btc-below-vwap-or-ema",
    "last": 114857.2,
    "vwap": 115017.59168333848,
    "ema9": 114934.4227938708
  },
  "universe_count": 59,
  "candidates": [],
  "reject_stats": {
    "meta": 15,
    "no_spread": 11,
    "vol": 132,
    "spread": 0,
    "bars": 0,
    "br": 59,
    "pb": 0,
    "atr": 0
  }
}