{
  "time": "2025-08-23T22:43:57.707348+00:00",
  "equity": 41000.0,
  "cash": 32000.0,
  "breach": false,
  "breach_reason": "",
  "regime": {
    "ok": true,
    "reason": "",
    "last": 115246.94,
    "vwap": 115129.06923925193,
    "ema9": 115201.9046828933
  },
  "universe_count": 53,
  "candidates": []
}