{
  "time": "2025-08-24T10:14:18.498278+00:00",
  "equity": 41000.0,
  "cash": 32000.0,
  "breach": false,
  "breach_reason": "",
  "regime": {
    "ok": false,
    "reason": "btc-below-vwap-or-ema",
    "last": 114819.49,
    "vwap": 115104.43615293516,
    "ema9": 114827.5958046486
  },
  "universe_count": 60,
  "candidates": [],
  "reject_stats": {
    "meta": 17,
    "no_spread": 9,
    "vol": 131,
    "spread": 0,
    "bars": 0,
    "br": 60,
    "pb": 0,
    "atr": 0
  }
}