{
  "time": "2025-08-24T20:46:13.207855+00:00",
  "equity": 41964.0,
  "cash": 0.0,
  "breach": false,
  "breach_reason": "",
  "regime": {
    "ok": true,
    "reason": "",
    "last": 112942.09,
    "vwap": 113556.08891957611,
    "ema9": 112760.68482816753
  },
  "universe_count": 195,
  "candidates": [],
  "reject_stats": {
    "liquidity": 22,
    "bars": 24,
    "rules": 171
  }
}