{
  "time": "2025-08-25T07:29:39.949128+00:00",
  "equity": 41964.0,
  "cash": 0.0,
  "breach": false,
  "breach_reason": "",
  "regime": {
    "ok": false,
    "reason": "btc-below-vwap-and-ema",
    "last": 111922.87,
    "vwap": 113050.5868703248,
    "ema9": 111965.60290727226
  },
  "universe_count": 200,
  "candidates": [],
  "reject_stats": {
    "liquidity": 17,
    "bars": 26,
    "rules": 174
  }
}