{
  "time": "2025-08-25T07:11:29.930616+00:00",
  "equity": 41964.0,
  "cash": 0.0,
  "breach": false,
  "breach_reason": "",
  "regime": {
    "ok": false,
    "reason": "btc-below-vwap-and-ema",
    "last": 111985.47,
    "vwap": 113070.74895381347,
    "ema9": 112014.13319939512
  },
  "universe_count": 199,
  "candidates": [],
  "reject_stats": {
    "liquidity": 18,
    "bars": 26,
    "rules": 173
  }
}