{
  "generated_at": "2025-08-26 19:14:09 UTC",
  "regime": {
    "ok": true
  },
  "equity": null,
  "cash": null,
  "signals": {
    "type": "C",
    "text": "Candidates found"
  },
  "candidates": [
    {
      "ticker": "SNX",
      "binance_symbol": "SNXUSDT",
      "entry": 0.718,
      "stop": 0.696,
      "atr": 0.011,
      "t1": 0.7268,
      "t2": 0.7345,
      "vol_usd_24h": 3997521.0174,
      "spread": 0.0014074595355383548,
      "r_over_atr": 2.000000000000007
    },
    {
      "ticker": "DASH",
      "binance_symbol": "DASHUSDT",
      "entry": 22.96,
      "stop": 22.8,
      "atr": 0.1335714286,
      "t1": 23.0668571429,
      "t2": 23.1603571429,
      "vol_usd_24h": 2519578.9925,
      "spread": 0.000437924239106703,
      "r_over_atr": 1.1978609625668497
    }
  ]
}