{
  "generated_at": "2025-08-26 23:54:00 UTC",
  "regime": {
    "ok": true
  },
  "equity": null,
  "cash": null,
  "signals": {
    "type": "C",
    "text": "Candidates found"
  },
  "candidates": [
    {
      "ticker": "NMR",
      "binance_symbol": "NMRUSDT",
      "entry": 16.36,
      "stop": 14.66,
      "atr": 0.8092857143,
      "t1": 17.0074285714,
      "t2": 17.5739285714,
      "vol_usd_24h": 43537605.8589,
      "spread": 0.0012730744748568649,
      "r_over_atr": 2.100617828773168
    },
    {
      "ticker": "COOKIE",
      "binance_symbol": "COOKIEUSDT",
      "entry": 0.1383,
      "stop": 0.136,
      "atr": 0.0011571429,
      "t1": 0.1392257143,
      "t2": 0.1400357143,
      "vol_usd_24h": 2314025.57014,
      "spread": 0.0007296607077708062,
      "r_over_atr": 1.9876543209876556
    }
  ]
}