{
  "time": "2025-08-25T05:33:20.358433+00:00",
  "equity": 41964.0,
  "cash": 0.0,
  "breach": false,
  "breach_reason": "",
  "regime": {
    "ok": false,
    "reason": "btc-below-vwap-and-ema",
    "last": 112487.66,
    "vwap": 113245.84846286265,
    "ema9": 112622.54790698533
  },
  "universe_count": 199,
  "candidates": [],
  "reject_stats": {
    "liquidity": 18,
    "bars": 26,
    "rules": 173
  }
}