{
  "generated_at": "2025-08-26 14:37:18 UTC",
  "regime": {
    "ok": true
  },
  "equity": null,
  "cash": null,
  "signals": {
    "type": "C",
    "text": "Candidates found"
  },
  "candidates": [
    {
      "ticker": "MAGIC",
      "binance_symbol": "MAGICUSDT",
      "entry": 0.2101,
      "stop": 0.2095,
      "atr": 0.0020428571,
      "t1": 0.2117342857,
      "t2": 0.2131642857,
      "vol_usd_24h": 3992246.08252,
      "spread": 0.00047744091668650745,
      "r_over_atr": 0.2937062937063017
    },
    {
      "ticker": "FIS",
      "binance_symbol": "FISUSDT",
      "entry": 0.1242,
      "stop": 0.1224,
      "atr": 0.0017285714,
      "t1": 0.1255828571,
      "t2": 0.1267928571,
      "vol_usd_24h": 2094810.9474,
      "spread": 0.0008126777732629245,
      "r_over_atr": 1.041322314049593
    },
    {
      "ticker": "IOTX",
      "binance_symbol": "IOTXUSDT",
      "entry": 0.02825,
      "stop": 0.02815,
      "atr": 0.0001492857,
      "t1": 0.0283694286,
      "t2": 0.0284739286,
      "vol_usd_24h": 1564465.89903,
      "spread": 0.00035391966023711174,
      "r_over_atr": 0.66985645933014
    }
  ]
}