{
  "time": "2025-08-25T03:33:53.539789+00:00",
  "equity": 41964.0,
  "cash": 0.0,
  "breach": false,
  "breach_reason": "",
  "regime": {
    "ok": true,
    "reason": "",
    "last": 113415.0,
    "vwap": 113496.17228305872,
    "ema9": 113413.14587091422
  },
  "universe_count": 196,
  "candidates": [],
  "reject_stats": {
    "liquidity": 21,
    "bars": 24,
    "rules": 172
  }
}