{
  "time": "2025-08-25T00:48:14.261513+00:00",
  "equity": 41964.0,
  "cash": 0.0,
  "breach": false,
  "breach_reason": "",
  "regime": {
    "ok": false,
    "reason": "btc-below-vwap-and-ema",
    "last": 112281.41,
    "vwap": 113389.42414993644,
    "ema9": 112937.57046584676
  },
  "universe_count": 197,
  "candidates": [],
  "reject_stats": {
    "liquidity": 20,
    "bars": 26,
    "rules": 171
  }
}