{
  "time": "2025-08-24T23:10:09.058604+00:00",
  "equity": 41964.0,
  "cash": 0.0,
  "breach": false,
  "breach_reason": "",
  "regime": {
    "ok": true,
    "reason": "",
    "last": 113489.27,
    "vwap": 113426.81690787528,
    "ema9": 113287.91301609438
  },
  "universe_count": 197,
  "candidates": [],
  "reject_stats": {
    "liquidity": 20,
    "bars": 26,
    "rules": 171
  }
}