{
  "time": "2025-08-25T05:11:03.110768+00:00",
  "equity": 41964.0,
  "cash": 0.0,
  "breach": false,
  "breach_reason": "",
  "regime": {
    "ok": false,
    "reason": "btc-below-vwap-and-ema",
    "last": 112557.41,
    "vwap": 113254.60779497014,
    "ema9": 112711.70569333066
  },
  "universe_count": 198,
  "candidates": [],
  "reject_stats": {
    "liquidity": 19,
    "bars": 25,
    "rules": 173
  }
}