{
  "time": "2025-08-22T19:46:09.276786+00:00",
  "equity": 41000.0,
  "cash": 32000.0,
  "breach": false,
  "breach_reason": "",
  "regime": {
    "ok": false,
    "reason": "btc-below-vwap-or-ema",
    "last": 116693.53,
    "vwap": 115038.95162322166,
    "ema9": 116741.23877293666
  },
  "universe_count": 60,
  "candidates": []
}