{
  "time": "2025-08-24T20:39:04.787601+00:00",
  "equity": 41964.0,
  "cash": 0.0,
  "breach": false,
  "breach_reason": "",
  "regime": {
    "ok": true,
    "reason": "",
    "last": 112748.92,
    "vwap": 113561.37169867757,
    "ema9": 112742.3355352094
  },
  "universe_count": 196,
  "candidates": [],
  "reject_stats": {
    "liquidity": 21,
    "bars": 25,
    "rules": 171
  }
}