{
  "time": "2025-08-24T19:45:47.798315+00:00",
  "equity": 41964.0,
  "cash": 0.0,
  "breach": false,
  "breach_reason": "",
  "regime": {
    "ok": false,
    "reason": "btc-below-vwap-and-ema",
    "last": 112856.9,
    "vwap": 113887.14626489699,
    "ema9": 113679.54251445472
  },
  "universe_count": 196,
  "candidates": [],
  "reject_stats": {
    "liquidity": 21,
    "bars": 26,
    "rules": 170
  }
}