{
  "time": "2025-08-25T02:28:59.769558+00:00",
  "equity": 41964.0,
  "cash": 0.0,
  "breach": false,
  "breach_reason": "",
  "regime": {
    "ok": true,
    "reason": "",
    "last": 113436.27,
    "vwap": 113319.09832284311,
    "ema9": 113264.57617709988
  },
  "universe_count": 194,
  "candidates": [],
  "reject_stats": {
    "liquidity": 23,
    "bars": 23,
    "rules": 171
  }
}