{
  "time": "2025-08-24T10:32:35.974359+00:00",
  "equity": 41000.0,
  "cash": 32000.0,
  "breach": false,
  "breach_reason": "",
  "regime": {
    "ok": false,
    "reason": "btc-below-vwap-or-ema",
    "last": 114678.97,
    "vwap": 115101.77141716516,
    "ema9": 114775.30075497512
  },
  "universe_count": 60,
  "candidates": [],
  "reject_stats": {
    "meta": 18,
    "no_spread": 8,
    "vol": 131,
    "spread": 0,
    "bars": 0,
    "br": 60,
    "pb": 0,
    "atr": 0
  }
}