{
  "time": "2025-08-23T22:29:19.173737+00:00",
  "equity": 41000.0,
  "cash": 32000.0,
  "breach": false,
  "breach_reason": "",
  "regime": {
    "ok": true,
    "reason": "",
    "last": 115227.84,
    "vwap": 115133.95325684788,
    "ema9": 115162.95114627594
  },
  "universe_count": 54,
  "candidates": []
}