{
  "time": "2025-08-24T23:36:00.441975+00:00",
  "equity": 41964.0,
  "cash": 0.0,
  "breach": false,
  "breach_reason": "",
  "regime": {
    "ok": true,
    "reason": "",
    "last": 113548.63,
    "vwap": 113422.37410930287,
    "ema9": 113465.26806991381
  },
  "universe_count": 197,
  "candidates": [],
  "reject_stats": {
    "liquidity": 20,
    "bars": 26,
    "rules": 171
  }
}