{
  "time": "2025-08-24T07:51:41.366468+00:00",
  "equity": 41000.0,
  "cash": 32000.0,
  "breach": false,
  "breach_reason": "",
  "regime": {
    "ok": false,
    "reason": "btc-below-vwap-or-ema",
    "last": 114944.64,
    "vwap": 115071.78771101865,
    "ema9": 114930.52661433285
  },
  "universe_count": 58,
  "candidates": [],
  "reject_stats": {
    "meta": 11,
    "no_spread": 15,
    "vol": 133,
    "spread": 0,
    "bars": 0,
    "br": 58,
    "pb": 0,
    "atr": 0
  }
}