{
  "time": "2025-08-24T23:26:51.893923+00:00",
  "equity": 41964.0,
  "cash": 0.0,
  "breach": false,
  "breach_reason": "",
  "regime": {
    "ok": true,
    "reason": "",
    "last": 113516.67,
    "vwap": 113424.15735175152,
    "ema9": 113389.07698424034
  },
  "universe_count": 196,
  "candidates": [],
  "reject_stats": {
    "liquidity": 21,
    "bars": 25,
    "rules": 171
  }
}