{
  "time": "2025-08-24T13:16:56.456065+00:00",
  "equity": 41000.0,
  "cash": 32000.0,
  "breach": false,
  "breach_reason": "",
  "regime": {
    "ok": false,
    "reason": "btc-below-vwap-or-ema",
    "last": 114650.24,
    "vwap": 115044.09574895827,
    "ema9": 114630.81709409098
  },
  "universe_count": 62,
  "candidates": [],
  "reject_stats": {
    "meta": 17,
    "no_spread": 9,
    "vol": 129,
    "spread": 0,
    "bars": 0,
    "br": 62,
    "pb": 0,
    "atr": 0
  }
}