{
  "time": "2025-08-25T04:38:36.316958+00:00",
  "equity": 41964.0,
  "cash": 0.0,
  "breach": false,
  "breach_reason": "",
  "regime": {
    "ok": false,
    "reason": "btc-below-vwap-and-ema",
    "last": 112655.18,
    "vwap": 113269.90480177318,
    "ema9": 112848.76997030366
  },
  "universe_count": 198,
  "candidates": [],
  "reject_stats": {
    "liquidity": 19,
    "bars": 25,
    "rules": 173
  }
}