{
  "time": "2025-08-25T06:49:36.819096+00:00",
  "equity": 41964.0,
  "cash": 0.0,
  "breach": false,
  "breach_reason": "",
  "regime": {
    "ok": false,
    "reason": "btc-below-vwap-and-ema",
    "last": 111868.07,
    "vwap": 113132.13575894957,
    "ema9": 112124.83523289821
  },
  "universe_count": 198,
  "candidates": [],
  "reject_stats": {
    "liquidity": 19,
    "bars": 25,
    "rules": 173
  }
}