{
  "time": "2025-08-22T21:08:54.775989+00:00",
  "equity": 41000.0,
  "cash": 32000.0,
  "breach": false,
  "breach_reason": "",
  "regime": {
    "ok": true,
    "reason": "",
    "last": 116990.71,
    "vwap": 115241.10535338527,
    "ema9": 116955.76154056526
  },
  "universe_count": 60,
  "candidates": []
}