{
  "time": "2025-08-25T06:16:03.546217+00:00",
  "equity": 41964.0,
  "cash": 0.0,
  "breach": false,
  "breach_reason": "",
  "regime": {
    "ok": false,
    "reason": "btc-below-vwap-and-ema",
    "last": 112268.51,
    "vwap": 113214.39531855156,
    "ema9": 112380.41887971267
  },
  "universe_count": 199,
  "candidates": [],
  "reject_stats": {
    "liquidity": 18,
    "bars": 26,
    "rules": 173
  }
}