{
  "time": "2025-08-23T18:12:39.361434+00:00",
  "equity": 41000.0,
  "cash": 32000.0,
  "breach": false,
  "breach_reason": "",
  "regime": {
    "ok": false,
    "reason": "btc-below-vwap-or-ema",
    "last": 115098.47,
    "vwap": 115360.97418712861,
    "ema9": 115051.83317745378
  },
  "universe_count": 54,
  "candidates": []
}