{
  "time": "2025-08-25T07:40:22.681943+00:00",
  "equity": 41964.0,
  "cash": 0.0,
  "breach": false,
  "breach_reason": "",
  "regime": {
    "ok": false,
    "reason": "btc-below-vwap-and-ema",
    "last": 111655.92,
    "vwap": 113019.721123171,
    "ema9": 111847.63034065426
  },
  "universe_count": 200,
  "candidates": [],
  "reject_stats": {
    "liquidity": 17,
    "bars": 26,
    "rules": 174
  }
}