{
  "time": "2025-08-25T07:46:29.420596+00:00",
  "equity": 41964.0,
  "cash": 0.0,
  "breach": false,
  "breach_reason": "",
  "regime": {
    "ok": false,
    "reason": "btc-below-vwap-and-ema",
    "last": 111727.0,
    "vwap": 113020.21875345058,
    "ema9": 111861.84634065427
  },
  "universe_count": 200,
  "candidates": [],
  "reject_stats": {
    "liquidity": 17,
    "bars": 26,
    "rules": 174
  }
}