{
  "time": "2025-08-25T05:49:01.412372+00:00",
  "equity": 41964.0,
  "cash": 0.0,
  "breach": false,
  "breach_reason": "",
  "regime": {
    "ok": false,
    "reason": "btc-below-vwap-and-ema",
    "last": 112525.34,
    "vwap": 113230.87974167506,
    "ema9": 112527.37341336097
  },
  "universe_count": 195,
  "candidates": [],
  "reject_stats": {
    "liquidity": 22,
    "bars": 22,
    "rules": 173
  }
}