{
  "time": "2025-08-22T20:37:48.785690+00:00",
  "equity": 41000.0,
  "cash": 32000.0,
  "breach": false,
  "breach_reason": "",
  "regime": {
    "ok": true,
    "reason": "",
    "last": 116935.57,
    "vwap": 115200.53719945475,
    "ema9": 116894.32251588511
  },
  "universe_count": 0,
  "candidates": []
}